t,vio_n,vio_e,gps_n,gps_e,h
131.395,0.013735012270199132,0.002461023338387547,0.0,0.0,4.88
131.407,0.08889311808737466,0.008376596668541764,0.0,0.0,4.88
131.440,0.1136056662908671,0.010686729568864184,0.0,0.0,4.88
131.474,0.1564484989004531,0.014472746709847772,0.0,0.0,4.88
131.511,0.2128023686007735,0.018762904792927068,0.0,0.0,4.88
131.543,0.24484532122346248,0.02033765493112634,0.0,0.0,4.88
131.575,0.31916114662286743,0.025074842406787215,0.0,0.0,4.88
131.608,0.14576543067380476,0.0027102370529302894,0.0,0.0,5.52
131.641,0.20558777447425203,0.005837362661835058,0.0,0.0,5.52
131.673,0.2748019295131767,0.007721144651037196,0.0,0.0,5.52
131.708,0.2691341312790416,0.008076701822025092,0.0,0.0,5.52
131.743,0.3391644785047605,0.005163819745076473,0.0,0.0,5.52
131.775,0.3558224780880259,0.007500235496009575,0.0,0.0,5.52
131.809,0.3769234053525148,0.009614990468837695,0.0,0.0,5.52
131.838,0.44502279107336173,0.013841106621711827,0.0,0.0,5.52
131.871,0.1641186366884977,-0.009068673425728688,0.0,0.0,6.15
131.908,0.23505860900347653,-0.005203981009793676,0.0,0.0,6.15
131.940,0.25510846839127543,-0.0022868935025900095,0.0,0.0,6.15
131.971,0.2681264021789409,-6.417122230839567e-05,0.0,0.0,6.15
132.007,0.3404411140083661,0.004532907774045691,0.0,0.0,6.15
132.039,0.3291688872409604,0.005611611677029962,0.0,0.0,6.15
132.069,0.36842135359651307,0.009462155682130616,0.0,0.0,6.15
132.104,0.19083048625436927,-0.009243308325114122,0.0,0.0,6.77
132.139,0.173655079525306,-0.009022039343071456,0.0,0.0,6.77
132.169,0.2506045339688756,-0.0069817091355394295,0.0,0.0,6.77
132.208,0.24426781571555534,-0.005944484949665443,0.0,0.0,6.77
132.239,0.2727279300845633,-0.0037029610278901254,0.0,0.0,6.77
132.270,0.3348557368887928,8.879072807456423e-05,0.0,0.0,6.77
132.307,0.3062455711436367,-0.00043026641595687865,0.0,0.0,6.77
132.340,0.38018546487299676,0.003975852321193504,0.0,0.0,6.77
132.373,0.23855357899926688,-0.011257629416926873,0.0,0.0,7.37
132.404,0.2378768113950943,-0.009721633327361284,0.0,0.0,7.37
132.440,0.30819374844476466,-0.005206889148006585,0.0,0.0,7.37
132.474,0.2655680967053108,-0.006632865122623052,0.0,0.0,7.37
132.505,0.32813359776894646,-0.0030032514077468347,0.0,0.0,7.37
132.542,0.3561152909676587,-0.0010656379918713849,0.0,0.0,7.37
132.574,0.3337521264318254,-0.0014954924098665723,0.0,0.0,7.37
132.608,0.19825135412354267,-0.014119823986212074,0.0,0.0,7.92
132.636,0.1534006626815485,-0.01670130662941542,0.0,0.0,7.92
132.674,0.1957517556729762,-0.012931838396565046,0.0,0.0,7.92
132.703,0.23557076445124836,-0.010753114209251652,0.0,0.0,7.92
132.737,0.19386896326754965,-0.012497051002589604,0.0,0.0,7.92
132.771,0.2815148807093846,-0.0072148535815961395,0.0,0.0,7.92
132.808,0.250062522891223,-0.007694485145022953,0.0,0.0,7.92
132.840,0.27631256609992283,-0.005562758382114105,0.0,0.0,7.92
132.868,0.24301986716385482,-0.014323386715987027,0.0,0.0,8.41
132.902,0.17354219304423385,-0.02127786914414727,0.0,0.0,8.41
132.937,0.2509389293781852,-0.02309643803791099,0.0,0.0,8.41
132.972,0.20056846997739503,-0.029736962896226807,0.0,0.0,8.41
133.004,0.20499186507084682,-0.032292323493201214,0.0,0.0,8.41
133.038,0.249037817966776,-0.03177924810274568,0.0,0.0,8.41
133.072,0.18352034148363633,-0.03601167499925162,0.0,0.0,8.41
133.108,0.1586882283019227,-0.015137956367928057,0.0,0.0,8.83
133.141,0.11338877456511193,-0.009618847468062158,0.0,-0.009078137595744174,8.83
133.177,0.12525598317234637,-0.001564060773412368,0.0,-0.009078137595744174,8.83
133.216,0.18642442480047655,0.00813442424434302,0.0,-0.009078137595744174,8.83
133.237,0.11202586867614134,0.008530309404427339,0.0,-0.009078137595744174,8.83
133.278,0.20723626128963774,0.017259219253558014,0.0,-0.009078137595744174,8.83
133.308,0.16867209929017074,0.01915991947792811,0.0,-0.009078137595744174,8.83
133.342,0.1669040210332931,0.02233911132421912,0.0,-0.009078137595744174,8.83
133.383,0.15857273103286446,-0.014760841742504152,0.0,-0.009078137595744174,9.19
133.407,0.07354205151533183,-0.016651052014709747,0.0,-0.009078137595744174,9.19
133.438,0.17246543994432512,-0.012843601970571855,0.0,-0.009078137595744174,9.19
133.471,0.1246674199904213,-0.01387557513014058,0.0,-0.009078137595744174,9.19
133.506,0.12658677630913265,-0.013852716331236622,0.0,-0.009078137595744174,9.19
133.537,0.1924197981835414,-0.01115245777518871,0.0,-0.009078137595744174,9.19
133.572,0.10434589447865508,-0.014677920740133202,0.0,-0.009078137595744174,9.19
133.604,0.20756638049686751,-0.01048377337733225,0.0,-0.009078137595744174,9.19
133.641,0.11884105511397117,-0.009604901804447674,0.0,0.0,9.48
133.671,0.13556329969624573,-0.008782497369538955,0.0,0.0,9.48
133.707,0.1878149873158537,-0.005915810222990148,0.0,0.0,9.48
133.738,0.10630732341641808,-0.009684919429127636,0.0,0.0,9.48
133.772,0.2255322018363473,-0.004608706248656558,0.0,0.0,9.48
133.804,0.1405332071640794,-0.009856162673973295,0.0,0.0,9.48
133.836,0.19412674078185804,-0.008450174681975037,0.0,0.0,9.48
133.872,0.10314489106169572,-0.01151010742550343,0.0,0.0,9.71
133.904,0.029178963779003447,-0.014466428397104436,0.0,0.0,9.71
133.932,0.14190139287274242,-0.010023933661521212,0.0,0.0,9.71
133.974,0.03192649042639903,-0.014298224219593592,0.0,0.0,9.71
134.003,0.10334727636806611,-0.010678704831920335,0.0,0.0,9.71
134.033,0.09498782647591257,-0.01124940466367412,0.0,0.0,9.71
134.062,0.0453259306101919,-0.013570225117299092,0.0,0.0,9.71
134.103,0.15271095780531835,-0.008157265396490906,0.0,0.0,9.71
134.134,0.047677476774995065,-0.006184324084214113,0.0,0.0,9.87
134.172,0.16105742384249494,-0.001508843109845781,0.0,0.0,9.87
134.200,0.09678039398183122,-0.004232715795118358,0.0,0.0,9.87
134.236,0.09195738270708695,-0.003924853098627723,0.0,0.0,9.87
134.266,0.1586167177546791,-0.0009657685670436261,0.0,0.0,9.87
134.299,0.04653214302614425,-0.005928533158428742,0.0,0.0,9.87
134.335,0.1776494914684896,-0.0006546217197298115,0.0,0.0,9.87
134.369,0.0711932139487638,-0.0035649618012877082,0.0,0.0,9.97
134.404,0.13015546387597113,-0.0009612540333148734,0.0,0.0,9.97
134.435,0.13909874377734513,-0.0005436654724447765,0.0,0.0,9.97
134.470,0.05604708066394873,-0.0044585924135214505,0.0,0.0,9.97
134.501,0.18159665713641396,0.0009198889914880659,0.0,0.0,9.97
134.531,0.04758539180061164,-0.004647539786530375,0.0,0.0,9.97
134.568,0.16318819003096188,0.00022999472312351665,0.0,0.0,9.97
134.602,0.10040307362149595,1.9532785298592703e-05,0.0,0.0,9.97
134.630,0.031954131537458325,-0.00246571837369447,0.0,0.0,10.01
134.671,0.10292725612888273,0.0006042050441445457,0.0,0.0,10.01
134.702,-0.014115765373246908,-0.0040830307745876315,0.0,0.0,10.01
134.737,0.12306862907492497,0.0026494354340850096,0.0,0.0,10.01
134.770,-0.0035523484917599213,-0.0030726324288895407,0.0,0.0,10.01
134.804,0.0765317820071266,0.00023232565397314497,0.0,0.0,10.01
134.837,0.059317627635716436,-0.0005641834095515413,0.0,0.0,10.01
134.869,0.129535843547624,0.0021952566180319794,0.0,0.0,10.01
134.898,0.22981163275334834,0.006175346684524283,0.0,0.0,10.02
134.933,0.09479442329898743,-0.0001399281366317312,0.0,0.0,10.02
134.967,0.228504484450162,0.005411892081559358,0.0,0.0,10.02
135.002,0.1321511063603231,0.0008355259942987026,0.0,0.0,10.02
135.035,0.17020088634441818,0.00262643821643882,0.0,0.0,10.02
135.063,0.1990004417227362,0.0029435871935408198,0.0,0.0,10.02
135.096,0.10605147846163396,-0.0017412072184018884,0.0,0.0,10.02
135.132,0.10902530304957235,-0.0003422039272651112,0.0,0.0,10.01
135.167,-0.02664446893851803,-0.005956898466717639,0.0,0.0,10.01
135.200,0.0792183233309297,-0.0013491888508346678,0.0,0.0,10.01
135.236,0.02233636401787474,-0.00412976205164288,0.0,0.0,10.01
135.264,0.012863734465988472,-0.004063822233133521,0.0,0.0,10.01
135.301,0.09011701044743951,0.0005799107970134859,0.0,0.0,10.01
135.330,-0.027271519032901884,-0.004059678142322984,0.0,0.0,10.01
135.365,0.10364324324916112,0.0016706706242481661,0.0,0.0,10.01
135.396,0.06923250848302091,-0.001448024340545112,0.0,0.0,10.0
135.435,0.1388613202031554,0.0003610089803487704,0.0,0.0,10.0
135.466,0.13756167980694162,0.0011231606906694502,0.0,0.0,10.0
135.496,0.07750019880831233,-0.0003042865116480581,0.0,0.0,10.0
135.534,0.1854500837348742,0.004392706652987841,0.0,0.0,10.0
135.566,0.05345605110754742,0.001037361672297607,0.0,0.0,10.0
135.595,0.17691771595141842,0.006167858436972262,0.0,0.0,10.0
135.631,0.10072932422715014,0.004852549588264976,0.0,0.0,9.99
135.667,0.11826280179825482,0.005044970805353044,0.0,0.0,9.99
135.698,0.1655952039164701,0.00738725152962541,0.0,0.0,9.99
135.730,0.0657317880545617,0.0033914120864589614,0.0,0.0,9.99
135.764,0.19818841017888122,0.00904168333130706,0.0,0.0,9.99
135.798,0.07173536554681592,0.0036927490002890972,0.0,0.0,9.99
135.825,0.16168444477684096,0.0075795354610421195,0.0,0.0,9.99
135.864,0.12927559009733358,0.005954112284376201,0.0,0.0,9.99
135.897,0.012528595049905111,0.0002051667021058523,0.0,0.0,9.99
135.931,0.10135226666325636,0.004813629619803472,0.0,0.0,9.99
135.961,-0.025477204126458486,-0.0004186409239820277,0.0,0.0,9.99
135.992,0.10386416501446794,0.005160664899308304,0.0,0.0,9.99
136.027,0.0044594597135086955,0.0031058210433097255,0.0,0.0,9.99
136.062,0.05650963275520804,0.005119844679903257,0.0,0.0,9.99
136.095,0.07456017714463059,0.006481901634290993,0.0,0.0,9.99
136.131,0.12192946192808851,0.008347899201405468,0.0,0.0,9.99
136.158,0.24299645132129732,0.01297430719025465,0.0,0.0,9.99
136.193,0.11087416523939264,0.00918360449228757,0.0,0.0,9.99
136.228,0.22462891416709085,0.012991244161398338,0.0,0.0,9.99
136.257,0.15356343825486352,0.009786678585165673,0.0,0.0,9.99
136.292,0.15461261924034397,0.010469818389900562,0.0,0.0,9.99
136.327,0.21939647001062113,0.012097349466563392,0.0,0.0,9.99
136.359,0.11071453076291593,0.0073054909048164,0.0,0.0,9.99
136.394,0.12160656878693665,0.009011030173020781,0.0,0.0,9.99
136.425,0.0016550532020249697,0.003981130474382519,0.0,0.0,9.99
136.460,0.08029029226367657,0.007670749896474857,0.0,0.0,9.99
136.489,0.06418084399388835,0.005845978800087512,0.0,0.0,9.99
136.525,0.012104856523801,0.003548217903025022,0.0,0.0,9.99
136.558,0.11360438871369605,0.008326278138902451,0.0,0.0,9.99
136.592,-0.01661343080374056,0.003442862895888743,0.0,0.0,9.99
136.624,0.10743670523703919,0.008581039706565333,0.0,0.0,9.99
136.658,0.0900446445447225,0.007703218038639173,0.0,0.0,9.99
136.691,0.11816739268546639,0.009154020675782013,0.0,0.0,9.99
136.723,0.15417825550601216,0.010693496012731701,0.0,0.0,9.99
136.756,0.056801241681017856,0.005863914479667776,0.0,0.0,9.99
136.790,0.18610563878044217,0.010955296373679924,0.0,0.0,9.99
136.824,0.05926771296491695,0.005131984966651709,0.0,0.0,9.99
136.857,0.1576752461438059,0.008621823456881866,0.0,0.0,9.99
136.893,0.132407404254954,0.00891123103368334,0.0,0.0,9.99
136.919,0.11320787643206998,0.007967992860754655,0.0,0.0,9.99
136.951,0.19507606339336048,0.0102421060938208,0.0,0.0,9.99
136.987,0.07584728749952097,0.005454887631670971,0.0,0.0,9.99
137.020,0.21003249341699537,0.01159076355996956,0.0,0.0,9.99
137.055,0.09442856060014315,0.006413513976777627,0.0,0.0,9.99
137.087,0.1617431225620778,0.008397708840110096,0.0,0.0,9.99
137.123,0.16512259939673096,0.007943958493880215,0.0,0.0,9.99
137.155,-0.008229168019689925,0.0022480909994921083,0.0,0.0,10.0
137.191,0.10383977585520304,0.007804425461761161,0.0,0.0,10.0
137.218,-0.031584268185222586,0.0022374481090378096,0.0,0.0,10.0
137.253,0.08973423651110174,0.007171446857594743,0.0,0.0,10.0
137.288,0.011424042663166156,0.0035300879488354697,0.0,0.0,10.0
137.321,0.025230468709850074,0.004727238984532645,0.0,0.0,10.0
137.353,0.07693200548351237,0.006650800197363235,0.0,0.0,10.0
137.391,0.10434826550363746,0.009395520800856955,0.0,0.0,10.0
137.421,0.23844745630525216,0.015575254579068248,0.0,0.0,10.0
137.453,0.10736473516115203,0.010395285854271158,0.0,0.0,10.0
137.490,0.19490527771082117,0.01411425291593825,0.0,0.0,10.0
137.517,0.15899440014233363,0.012988704935797,0.0,0.0,10.0
137.549,0.13362121954367126,0.01264238941560529,0.0,0.0,10.0
137.588,0.2220160305796617,0.01720020648744712,0.0,0.0,10.0
137.614,0.0980261553868598,0.012205374981532388,0.0,0.0,10.0
137.649,0.12867806126542505,0.012313777286107816,0.0,0.0,10.0
137.685,0.02879204673680394,0.0075749420018066255,0.0,0.0,10.0
137.720,0.07963083570493493,0.009432311778220306,0.0,0.0,10.0
137.747,0.09505520758356847,0.010449577464994822,0.0,0.0,10.0
137.785,0.014387116195470534,0.0076123067978701026,0.0,0.0,10.0
137.818,0.13264644276612783,0.013922804774797598,0.0,0.0,10.0
137.851,0.005229896405672979,0.008598791382345525,0.0,0.0,10.0
137.889,0.1445983064205472,0.01441349739131946,0.0,0.0,10.0
137.915,0.08889918444092196,0.011942129535327223,0.0,0.0,10.0
137.950,0.07458164197376085,0.011157427321367014,0.0,0.0,10.0
137.985,0.14916443302611862,0.014256222814313907,0.0,0.0,10.0
138.016,0.03316642198774547,0.008593877620415385,0.0,0.0,10.0
138.051,0.16337873575300502,0.013266624498111279,0.0,0.0,10.0
138.083,0.052012301062776906,0.007974814559398385,0.0,0.0,10.0
138.115,0.1123719957404821,0.010384682111294785,0.0,0.0,10.0
138.144,0.16129050380757584,0.012852849678232275,0.0,0.0,10.0
138.180,0.09892011280601579,0.010714223492644365,0.0,0.0,10.0
138.213,0.21356380078321793,0.014951594688739342,0.0,0.0,10.0
138.251,0.07929669109090634,0.008393312914420872,0.0,0.0,10.0
138.280,0.19692192769939346,0.014062084150918558,0.0,0.0,10.0
138.315,0.11978866657074275,0.011325770631189863,0.0,0.0,10.0
138.352,0.1404757123486823,0.012547648143255097,0.0,0.0,10.0
138.383,0.18440426104749155,0.014622169380309968,0.0,0.0,10.0
138.411,-0.01954649149728635,0.004297203124469448,0.0,0.0,10.0
138.447,0.10889429665437525,0.00989681172507599,0.0,0.0,10.0
138.483,-0.014309474232093361,0.005444126377061528,0.0,0.0,10.0
138.517,0.07858237292226958,0.009332173068177893,0.0,0.0,10.0
138.546,0.04383923563879391,0.007879440655281941,0.0,0.0,10.0
138.580,0.008098239028455995,0.00654544408164949,0.0,0.0,10.0
138.616,0.09946896936669361,0.011475802864529885,0.0,0.0,10.0
138.652,0.10594486788175775,0.012455124443663493,0.0,0.0,10.0
138.675,0.23884356682104682,0.017265482796806425,0.0,0.0,10.0
138.709,0.1325726365169818,0.012698875797031495,0.0,0.0,10.0
138.742,0.17579490704031098,0.014101927073418286,0.0,0.0,10.0
138.780,0.1853591105117175,0.014410676663948269,0.0,0.0,10.0
138.818,0.06471891164432353,0.01052227832125531,0.0,0.0,10.0
138.846,0.13528468872407673,0.01460472776322172,0.0,0.0,10.0
138.879,-0.08667488681585256,0.007007560649197525,0.0,0.0,10.0
138.909,0.055057449496201394,0.011072773412750314,0.0,0.0,9.99
138.942,-0.14035497484473758,0.00288001734451232,0.0,0.0,9.99
138.980,-0.31910546972744214,-0.0014226831508271642,0.0,0.0,9.99
139.012,-0.4298121630933903,-0.003851777386538746,0.0,0.0,9.99
139.049,-0.7632017967024208,-0.017550398920672672,0.0,0.0,9.99
139.077,-0.8417817681469616,-0.017416346858748738,0.0,0.0,9.99
139.116,-1.201903031109726,-0.029361910688996684,0.0,0.0,9.99
139.149,0.1708700281179123,0.014850901728445998,0.0,0.0,9.96
139.180,-0.07826544055047213,0.007420543592022266,0.0,0.0,9.96
139.214,-0.3610132713569161,-0.002606356806851895,0.0,0.0,9.96
139.250,-0.4932033371671334,-0.0032670283390441313,0.0,0.0,9.96
139.289,-0.8471130589990092,-0.027275597640543242,0.0,0.0,9.96
139.319,-0.9068917832776131,-0.038567847569176666,0.0,0.0,9.96
139.345,-1.1829068864923389,-0.05994553130135952,0.0,0.0,9.96
139.387,-1.2695186483711438,-0.08361143478002234,0.0,0.0,9.96
139.416,0.3785690812830709,0.08605345888079227,0.022264000260179273,0.0,9.93
139.456,0.22647714337961156,0.008301441679014782,0.022264000260179273,0.0,9.93
139.483,0.2967185463849189,-0.021270280662547214,0.022264000260179273,0.0,9.93
139.520,0.11731061033004853,-0.11611798867668366,0.022264000260179273,0.0,9.93
139.549,0.21922532545671203,-0.165655451678838,0.022264000260179273,0.0,9.93
139.583,0.16414732134535104,-0.19508166185025266,0.022264000260179273,0.0,9.93
139.615,0.18492992755435206,-0.2650915226203983,0.022264000260179273,0.0,9.93
139.652,0.5433183324074811,0.0009986904263551977,0.022264000260179273,0.0,9.89
139.682,0.5005726465592619,-0.05589656129575987,0.25603599982815695,0.0,9.89
139.720,0.6975491035084757,-0.02797437182584589,0.25603599982815695,0.0,9.89
139.748,0.6942626470217453,-0.06147402612749692,0.25603599982815695,0.0,9.89
139.783,0.8193332850363714,-0.07843622621470087,0.25603599982815695,0.0,9.89
139.818,0.9736810322579291,-0.07849761706853992,0.25603599982815695,0.0,9.89
139.849,0.9922688781186667,-0.15100823037094152,0.25603599982815695,0.0,9.89
139.887,1.2412027159825654,-0.14839012740239138,0.25603599982815695,0.0,9.89
139.917,1.1033528749657857,-0.08314762513707213,0.5566000001766724,0.0,9.86
139.950,1.281663227662293,-0.06494387834389131,0.5566000001766724,0.0,9.86
139.984,1.4308916807184104,-0.07211013203741506,0.5566000001766724,0.0,9.86
140.019,1.5101778954604819,-0.14411947225528882,0.5566000001766724,0.0,9.86
140.051,1.754975913770806,-0.09922097250716777,0.5566000001766724,0.0,9.86
140.081,1.8206819616738614,-0.2125940865049032,0.5566000001766724,0.0,9.86
140.115,2.034310638932748,-0.22615714110547508,0.5566000001766724,0.0,9.86
140.154,1.6519267325915032,-0.10084910063261227,0.5566000001766724,0.0,9.84
140.183,1.7758878239405984,-0.14755733956565648,0.968484000244132,0.009078135015582866,9.84
140.215,1.9885105748028469,-0.042732883005589584,0.968484000244132,0.009078135015582866,9.84
140.252,2.0813985318943393,-0.09864045023222273,0.968484000244132,0.009078135015582866,9.84
140.284,2.2647661290058347,-0.023531632955281545,0.968484000244132,0.009078135015582866,9.84
140.316,2.3914833819456236,-0.056535072197889724,0.968484000244132,0.009078135015582866,9.84
140.350,2.522449749025215,-0.09535603444531754,0.968484000244132,0.009078135015582866,9.84
140.383,2.718627665601046,-0.0377386629132923,0.968484000244132,0.009078135015582866,9.84
140.417,2.802977026669799,-0.18874515431978178,1.5250840004208044,0.027234405046748598,9.83
140.456,2.9596994930282436,-0.08340074727100122,1.5250840004208044,0.027234405046748598,9.83
140.486,3.0608035231682704,-0.11326776241801251,1.5250840004208044,0.027234405046748598,9.83
140.521,3.2038621685490893,-0.11705622221451484,1.5250840004208044,0.027234405046748598,9.83
140.554,3.3770917235730735,-0.04376595236498804,1.5250840004208044,0.027234405046748598,9.83
140.589,3.4908875869120792,-0.13804761209260508,1.5250840004208044,0.027234405046748598,9.83
140.620,3.707360754483669,-0.06362576444790885,1.5250840004208044,0.027234405046748598,9.83
140.657,3.8767676615389046,-0.12211509480061827,1.5250840004208044,0.027234405046748598,9.83
140.686,3.835173528739793,-0.5307502076148558,2.949980000461778,0.06354694768924138,9.81
140.723,4.100917929926778,-0.46451011654949514,2.949980000461778,0.06354694768924138,9.81
140.752,4.400102001354831,-0.5627918331675875,2.949980000461778,0.06354694768924138,9.81
140.786,4.7645956950646,-0.47477350018130327,2.949980000461778,0.06354694768924138,9.81
140.820,5.156508740858426,-0.5679804744142141,2.949980000461778,0.06354694768924138,9.81
140.851,5.561759543705007,-0.594664113027461,2.949980000461778,0.06354694768924138,9.81
140.886,5.988792043319293,-0.592072357145367,2.949980000461778,0.06354694768924138,9.81
140.923,4.700897677580887,-0.6550716693102001,2.949980000461778,0.06354694768924138,9.81
140.959,5.106247631664725,-0.5382498271893672,3.80714400019599,0.07262508270482423,9.81
140.988,5.5140466935219505,-0.6330889440983181,3.80714400019599,0.07262508270482423,9.81
141.023,5.923620913186543,-0.5915660041116495,3.80714400019599,0.07262508270482423,9.81
141.055,6.332546067630219,-0.5671814591381286,3.80714400019599,0.07262508270482423,9.81
141.087,6.743277275787951,-0.6465832641842133,3.80714400019599,0.07262508270482423,9.81
141.126,7.142329185450955,-0.5252380571751082,3.80714400019599,0.07262508270482423,9.81
141.162,7.536756197026382,-0.6514512765270595,3.80714400019599,0.07262508270482423,9.81
141.193,6.073846150222176,-0.6980315079534382,4.742232000049853,0.09985949033173415,9.81
141.226,6.459552590586814,-0.7420915702644552,4.742232000049853,0.09985949033173415,9.81
141.258,6.837214616041245,-0.7411176740007057,4.742232000049853,0.09985949033173415,9.81
141.295,7.21134772897822,-0.6447250943234755,4.742232000049853,0.09985949033173415,9.81
141.322,7.574090837397936,-0.7515237005388111,4.742232000049853,0.09985949033173415,9.81
141.361,7.927492114991106,-0.5884388573768354,4.742232000049853,0.09985949033173415,9.81
141.395,8.27250725175214,-0.7093888117013755,4.742232000049853,0.09985949033173415,9.81
141.426,6.978287494747976,-0.5894431845272449,4.742232000049853,0.09985949033173415,9.82
141.461,7.324271001665487,-0.6256749782299832,5.710716000293985,0.11801576036289987,9.82
141.493,7.654502217530914,-0.6365255472947908,5.710716000293985,0.11801576036289987,9.82
141.527,7.976702222957337,-0.5399518302866697,5.710716000293985,0.11801576036289987,9.82
141.561,8.290933951477419,-0.6688357923191033,5.710716000293985,0.11801576036289987,9.82
141.594,8.576362200152786,-0.5039994210444373,5.710716000293985,0.11801576036289987,9.82
141.626,8.84120122801599,-0.6359556186869825,5.710716000293985,0.11801576036289987,9.82
141.660,9.066175867516371,-0.5102165005719214,5.710716000293985,0.11801576036289987,9.82
141.696,8.042258299355176,-0.5670910386841502,7.514100000012149,0.1724845730365584,9.82
141.723,8.218901529305182,-0.5559092299045286,7.514100000012149,0.1724845730365584,9.82
141.759,8.363969308299193,-0.4808452476656849,7.514100000012149,0.1724845730365584,9.82
141.792,8.491484289795586,-0.589682252366047,7.514100000012149,0.1724845730365584,9.82
141.826,8.579891499930621,-0.4288812914180487,7.514100000012149,0.1724845730365584,9.82
141.861,8.65887618163045,-0.5936941253189365,7.514100000012149,0.1724845730365584,9.82
141.891,8.696609695540568,-0.4556710747656557,7.514100000012149,0.1724845730365584,9.82
141.923,8.736890642089692,-0.5481402204475444,7.514100000012149,0.1724845730365584,9.82
141.955,8.772086364128102,-0.6694740006560386,8.248811999897327,0.1997189806634683,9.83
141.993,8.771941014723447,-0.620073516406408,8.248811999897327,0.1997189806634683,9.83
142.024,8.7750987740053,-0.7234823316224968,8.248811999897327,0.1997189806634683,9.83
142.062,8.75669219737348,-0.5732374488373604,8.248811999897327,0.1997189806634683,9.83
142.094,8.749058215621426,-0.7179135050571812,8.248811999897327,0.1997189806634683,9.83
142.120,8.72333643330836,-0.5792581632898728,8.248811999897327,0.1997189806634683,9.83
142.160,8.712388059809019,-0.6655130363465924,8.248811999897327,0.1997189806634683,9.83
142.193,9.26170091382414,-0.5931425667661552,8.82767600033418,0.20879711567905115,9.83
142.222,9.24009401575418,-0.5602009888224204,8.82767600033418,0.20879711567905115,9.83
142.250,9.221727146590508,-0.6639263314510906,8.82767600033418,0.20879711567905115,9.83
142.289,9.174607463205364,-0.5432396115876612,8.82767600033418,0.20879711567905115,9.83
142.321,9.146274927132144,-0.7211735684046277,8.82767600033418,0.20879711567905115,9.83
142.358,9.0805972803788,-0.6686623733561898,8.82767600033418,0.20879711567905115,9.83
142.388,9.008851466862271,-0.8286179582034849,8.82767600033418,0.20879711567905115,9.83
142.421,8.922929599381549,-0.9276605914593903,8.82767600033418,0.20879711567905115,9.83
142.455,9.525132719006425,-0.5300259791785552,9.272956000000931,0.23603152330596106,9.83
142.489,9.42399313442813,-0.7872913311186037,9.272956000000931,0.23603152330596106,9.83
142.525,9.284926770189777,-0.8093756680457302,9.272956000000931,0.23603152330596106,9.83
142.557,9.154478673509008,-1.1077797332451553,9.272956000000931,0.23603152330596106,9.83
142.588,8.99175018902513,-1.191161434260348,9.272956000000931,0.23603152330596106,9.83
142.621,8.843515302286455,-1.411682626437215,9.272956000000931,0.23603152330596106,9.83
142.658,8.646249183343393,-1.6124200639491297,9.272956000000931,0.23603152330596106,9.83
142.691,9.768166789535723,-0.4543313266064595,9.272956000000931,0.23603152330596106,9.82
142.724,9.634003500344788,-0.7658100833718593,9.807291999917425,0.2541877933371268,9.82
142.760,9.433055713802268,-0.8396752202689257,9.807291999917425,0.2541877933371268,9.82
142.785,9.318604104281558,-1.1361920038934865,9.807291999917425,0.2541877933371268,9.82
142.818,9.149483348454279,-1.2450589783302746,9.807291999917425,0.2541877933371268,9.82
142.850,9.038458233668353,-1.3869563237938278,9.807291999917425,0.2541877933371268,9.82
142.884,9.002236235467814,-1.5531914465962373,9.807291999917425,0.2541877933371268,9.82
142.918,8.937752390195062,-1.559670535676466,9.807291999917425,0.2541877933371268,9.82
142.962,9.95042320732321,-0.3063857933784273,9.929744000557434,0.29957847099520246,9.81
142.990,9.933786009843814,-0.22094924244924274,9.929744000557434,0.29957847099520246,9.81
143.017,10.078516588332256,-0.202563534109107,9.929744000557434,0.29957847099520246,9.81
143.059,10.23025540736251,-0.07561182532041166,9.929744000557434,0.29957847099520246,9.81
143.089,10.364666093080043,0.08714435268098852,9.929744000557434,0.29957847099520246,9.81
143.128,10.59629417239671,0.18063037054881392,9.929744000557434,0.29957847099520246,9.81
143.156,10.731311326899425,0.46635519271738635,9.929744000557434,0.29957847099520246,9.81
143.187,10.945960137684,0.547348086294589,9.929744000557434,0.29957847099520246,9.81
143.221,10.435870084208778,-0.08949444709102627,10.0188000000162,0.4175942339382636,9.8
143.253,10.52371081979256,0.08475711970413424,10.0188000000162,0.4175942339382636,9.8
143.286,10.624743024120349,0.16634133966358255,10.0188000000162,0.4175942339382636,9.8
143.322,10.543572131803062,0.34920948745048797,10.0188000000162,0.4175942339382636,9.8
143.353,10.602661201435813,0.3556189792949057,10.0188000000162,0.4175942339382636,9.8
143.389,10.460375604251617,0.4883625561765871,10.0188000000162,0.4175942339382636,9.8
143.422,10.391419476488576,0.5026531704614966,10.0188000000162,0.4175942339382636,9.8
143.453,10.411629821257964,0.1472154342342359,10.074459999875671,0.6263913521974761,9.8
143.482,10.2000141751227,0.14410850395147456,10.074459999875671,0.6263913521974761,9.8
143.527,10.115177532866777,0.028838986098107755,10.074459999875671,0.6263913521974761,9.8
143.550,9.815364182985174,0.0445676010111431,10.074459999875671,0.6263913521974761,9.8
143.588,9.689897025338142,-0.03722652091908141,10.074459999875671,0.6263913521974761,9.8
143.619,9.466401760780576,-0.054720340068528106,10.074459999875671,0.6263913521974761,9.8
143.656,9.230995099112437,-0.0640092116805775,10.074459999875671,0.6263913521974761,9.8
143.688,9.082258279913878,-0.09009199806366319,10.074459999875671,0.6263913521974761,9.8
143.722,10.147303754591555,0.8094308161109528,10.074459999875671,1.2800171120218622,9.8
143.753,10.022342591581666,0.7820748243464631,10.074459999875671,1.2800171120218622,9.8
143.789,9.753326257926657,0.8023920483353704,10.074459999875671,1.2800171120218622,9.8
143.824,9.596041733255941,0.8431124229276075,10.074459999875671,1.2800171120218622,9.8
143.856,9.528073144553982,0.8886503333077933,10.074459999875671,1.2800171120218622,9.8
143.888,9.326360734028745,0.9573946363783478,10.074459999875671,1.2800171120218622,9.8
143.921,9.348789413313712,1.0169371797348905,10.074459999875671,1.2800171120218622,9.8
143.958,10.400219864423395,1.5005974134024513,10.074459999875671,1.2800171120218622,9.79
143.990,10.39521087872603,1.588030878997373,10.0188000000162,1.7248457535870356,9.79
144.024,10.37784404789796,1.690292947045487,10.0188000000162,1.7248457535870356,9.79
144.057,10.306258481208003,1.8059054532432066,10.0188000000162,1.7248457535870356,9.79
144.089,10.426243111252846,1.9305560157485593,10.0188000000162,1.7248457535870356,9.79
144.120,10.36740606346479,2.0662487739332374,10.0188000000162,1.7248457535870356,9.79
144.159,10.490147227979358,2.2093904181026582,10.0188000000162,1.7248457535870356,9.79
144.192,10.539199613271114,2.355069569023879,10.0188000000162,1.7248457535870356,9.79
144.220,10.319974931687549,2.374504686255023,9.952008000026638,2.2695338880641045,9.79
144.255,10.462902719042225,2.537898784046507,9.952008000026638,2.2695338880641045,9.79
144.291,10.425867092749836,2.690036892531784,9.952008000026638,2.2695338880641045,9.79
144.323,10.55986645042384,2.8598963135999824,9.952008000026638,2.2695338880641045,9.79
144.358,10.601082791008,3.0393843451469804,9.952008000026638,2.2695338880641045,9.79
144.389,10.625479355010528,3.2441647011807175,9.952008000026638,2.2695338880641045,9.79
144.425,10.76205988644959,3.4833031653746636,9.952008000026638,2.2695338880641045,9.79
144.455,10.722647122307043,3.737560419504558,9.952008000026638,2.2695338880641045,9.79
144.489,10.51497647154506,3.565593954791619,9.918612000427345,2.9231596478884905,9.79
144.521,10.525650426635494,3.871799676368133,9.918612000427345,2.9231596478884905,9.79
144.558,10.536821713217943,4.206481362185979,9.918612000427345,2.9231596478884905,9.79
144.588,10.656850861772035,4.564188631735172,9.918612000427345,2.9231596478884905,9.79
144.623,10.596553627437585,4.937191062963996,9.918612000427345,2.9231596478884905,9.79
144.657,10.722294873783667,5.338600223234532,9.918612000427345,2.9231596478884905,9.79
144.690,10.714516578519182,5.740570483916245,9.918612000427345,2.9231596478884905,9.79
144.720,10.418349638269499,4.611260750783196,9.929744000557434,4.548145911143792,9.8
144.749,10.51797106570211,5.013215222848754,9.929744000557434,4.548145911143792,9.8
144.788,10.425066512101306,5.411136404567384,9.929744000557434,4.548145911143792,9.8
144.824,10.555494058480893,5.820303662350017,9.929744000557434,4.548145911143792,9.8
144.855,10.496688983912788,6.215890669770974,9.929744000557434,4.548145911143792,9.8
144.882,10.54015344850997,6.621897175431545,9.929744000557434,4.548145911143792,9.8
144.921,10.612495536765936,7.022063242153716,9.929744000557434,4.548145911143792,9.8
144.955,10.542336418950583,7.402656908888831,9.929744000557434,4.548145911143792,9.8
144.989,10.594505215351006,5.94201239339226,9.963140000156727,5.483193874512376,9.81
145.019,10.491217999840975,6.313634516128329,9.963140000156727,5.483193874512376,9.81
145.047,10.617611315061497,6.694596406907502,9.963140000156727,5.483193874512376,9.81
145.081,10.60549529819325,7.059748253973966,9.963140000156727,5.483193874512376,9.81
145.116,10.607150933354546,7.424999493129077,9.963140000156727,5.483193874512376,9.81
145.149,10.711927752510078,7.776146674412915,9.963140000156727,5.483193874512376,9.81
145.187,10.598047976990406,8.10384227264341,9.963140000156727,5.483193874512376,9.81
145.215,10.491646158472607,6.701695814658378,9.996536000546996,6.418241835300799,9.82
145.253,10.356571782663037,7.040809370058197,9.996536000546996,6.418241835300799,9.82
145.280,10.486596896980217,7.377429857793015,9.996536000546996,6.418241835300799,9.82
145.320,10.449190696490074,7.694606080799466,9.996536000546996,6.418241835300799,9.82
145.354,10.443708809441691,7.991376419312854,9.996536000546996,6.418241835300799,9.82
145.383,10.534804516679982,8.261807861977475,9.996536000546996,6.418241835300799,9.82
145.418,10.414302211290096,8.495126702690206,9.996536000546996,6.418241835300799,9.82
145.448,10.579329502160551,8.7013808511372,9.996536000546996,6.418241835300799,9.82
145.483,10.457761199051582,7.696656999957993,10.0188000000162,7.31697725602689,9.83
145.517,10.603497260316274,7.854864346927107,10.0188000000162,7.31697725602689,9.83
145.556,10.515168752930506,7.970858422296085,10.0188000000162,7.31697725602689,9.83
145.585,10.555978458476533,8.072224114321806,10.0188000000162,7.31697725602689,9.83
145.619,10.600136904792102,8.138495409075098,10.0188000000162,7.31697725602689,9.83
145.651,10.498920294984304,8.183350288027924,10.0188000000162,7.31697725602689,9.83
145.693,10.651122207069768,8.222056254818845,10.0188000000162,7.31697725602689,9.83
145.715,10.538775475186405,8.322390122277488,10.074459999875671,8.796713351292382,9.83
145.753,10.673269968148995,8.332314815990458,10.074459999875671,8.796713351292382,9.83
145.787,10.57774561660684,8.32025697344111,10.074459999875671,8.796713351292382,9.83
145.819,10.591049218942693,8.316603168025093,10.074459999875671,8.796713351292382,9.83
145.856,10.62336405975822,8.30020474384211,10.074459999875671,8.796713351292382,9.83
145.890,10.512481580238003,8.276725122534602,10.074459999875671,8.796713351292382,9.83
145.919,10.65006160393231,8.260076017206497,10.074459999875671,8.796713351292382,9.83
145.952,10.491069180087933,8.229570326734448,10.074459999875671,8.796713351292382,9.83
145.988,10.5416404118781,8.78677561174095,10.074459999875671,9.31416707814254,9.83
146.020,10.462932245658038,8.761059470666464,10.074459999875671,9.31416707814254,9.83
146.051,10.467135603625868,8.733870807324292,10.074459999875671,9.31416707814254,9.83
146.088,10.541798585956474,8.701449480546994,10.074459999875671,9.31416707814254,9.83
146.125,10.475589456488699,8.642492589272024,10.074459999875671,9.31416707814254,9.83
146.157,10.675833456184542,8.598603964163221,10.074459999875671,9.31416707814254,9.83
146.186,10.627838819246017,8.523344341774713,10.074459999875671,9.31416707814254,9.83
146.221,10.559271025672354,9.106918620575197,10.074459999875671,9.31416707814254,9.83
146.249,10.643544853345295,9.016984856338908,10.074459999875671,9.695448772018473,9.83
146.283,10.760589821872076,8.907736671290177,10.074459999875671,9.695448772018473,9.83
146.317,10.980659760860126,8.816510700609667,10.074459999875671,9.695448772018473,9.83
146.350,10.997604847574708,8.668185453009013,10.074459999875671,9.695448772018473,9.83
146.384,11.271285273859915,8.528596341333605,10.074459999875671,9.695448772018473,9.83
146.417,11.295338281925858,8.354518890636717,10.074459999875671,9.695448772018473,9.83
146.451,11.50697056388894,8.207261224881968,10.074459999875671,9.695448772018473,9.83
146.482,10.532512855019807,9.13157751432527,10.074459999875671,9.958714702951344,9.82
146.517,10.65379895032512,8.972042637786766,10.074459999875671,9.958714702951344,9.82
146.552,10.916756580152258,8.886960188339916,10.074459999875671,9.958714702951344,9.82
146.579,10.938726146366509,8.723569207626058,10.074459999875671,9.958714702951344,9.82
146.622,11.170994672291584,8.656637842652868,10.074459999875671,9.958714702951344,9.82
146.649,11.200291800924482,8.562031233586646,10.074459999875671,9.958714702951344,9.82
146.684,11.270303450242231,8.53348168609455,10.074459999875671,9.958714702951344,9.82
146.717,11.311194997718642,8.572690254554452,10.074459999875671,9.958714702951344,9.82
146.751,10.070686302514568,9.261332522878206,9.996536000546996,10.212902496288471,9.81
146.788,10.089737215643936,9.44803496457056,9.996536000546996,10.212902496288471,9.81
146.812,9.845744137574439,9.549997787007829,9.996536000546996,10.212902496288471,9.81
146.851,9.777806864562134,9.78424560598057,9.996536000546996,10.212902496288471,9.81
146.885,9.555847954052858,9.960302272238199,9.996536000546996,10.212902496288471,9.81
146.917,9.337173387105988,10.077370403354902,9.996536000546996,10.212902496288471,9.81
146.948,9.240938715711227,10.27405611419847,9.996536000546996,10.212902496288471,9.81
146.987,9.870968627854925,9.408258193182949,9.840688000307694,10.267371311542291,9.8
147.018,9.830338305774404,9.540967288008371,9.840688000307694,10.267371311542291,9.8
147.045,9.66797363973847,9.515943974380141,9.840688000307694,10.267371311542291,9.8
147.085,9.591287304984634,9.519779195454884,9.840688000307694,10.267371311542291,9.8
147.117,9.550787219273682,9.506334692616583,9.840688000307694,10.267371311542291,9.8
147.149,9.440175038693067,9.357692259304581,9.840688000307694,10.267371311542291,9.8
147.185,9.4878215430663,9.350264187808397,9.840688000307694,10.267371311542291,9.8
147.222,9.387313496826192,9.143077032889662,9.840688000307694,10.267371311542291,9.8
147.259,9.372092589772283,9.214032930205407,9.59578399981865,10.285527581573456,9.8
147.294,9.353674467241468,9.069082268467575,9.59578399981865,10.285527581573456,9.8
147.318,9.328163378349018,8.854356292694844,9.59578399981865,10.285527581573456,9.8
147.348,9.388766114402737,8.764981873041288,9.59578399981865,10.285527581573456,9.8
147.386,9.333943219617911,8.46988567796181,9.59578399981865,10.285527581573456,9.8
147.424,9.3688126060735,8.359682286956785,9.59578399981865,10.285527581573456,9.8
147.456,9.291913727909916,8.125224802438245,9.59578399981865,10.285527581573456,9.8
147.491,8.558520377930265,9.406036482685078,9.272956000000931,10.276449446557873,9.8
147.521,8.555952018679005,9.297658346972828,9.272956000000931,10.276449446557873,9.8
147.554,8.49809368656112,9.033900979885312,9.272956000000931,10.276449446557873,9.8
147.587,8.43743685724255,9.003139813631874,9.272956000000931,10.276449446557873,9.8
147.621,8.325918234738829,8.832470316292895,9.272956000000931,10.276449446557873,9.8
147.652,8.242282794765925,8.819732197682804,9.272956000000931,10.276449446557873,9.8
147.687,8.117632357086963,8.825792924198183,9.272956000000931,10.276449446557873,9.8
147.723,8.004780886111194,8.758456802473939,9.272956000000931,10.276449446557873,9.8
147.756,7.684797379585143,9.267701863382262,8.360132000407248,10.14935554859923,9.79
147.791,7.547734264295766,9.199157978618455,8.360132000407248,10.14935554859923,9.79
147.820,7.419450157631715,9.303956241630242,8.360132000407248,10.14935554859923,9.79
147.851,7.2903562031798,9.348967680505279,8.360132000407248,10.14935554859923,9.79
147.886,7.140462601567378,9.356734402159576,8.360132000407248,10.14935554859923,9.79
147.922,6.990964063460788,9.524008504510396,8.360132000407248,10.14935554859923,9.79
147.950,6.837237281165804,9.49317178309155,8.360132000407248,10.14935554859923,9.79
147.990,6.929132387902699,9.248753200751352,8.360132000407248,10.14935554859923,9.79
148.016,6.77471057222593,9.291493823783478,7.736740000241014,10.12212114097232,9.79
148.050,6.6115802492945575,9.327987087788028,7.736740000241014,10.12212114097232,9.79
148.087,6.4341116229890245,9.479319843097995,7.736740000241014,10.12212114097232,9.79
148.116,6.245490920838128,9.440223854578463,7.736740000241014,10.12212114097232,9.79
148.143,6.0235177030322165,9.597784865597019,7.736740000241014,10.12212114097232,9.79
148.187,5.775657950469257,9.605592844306086,7.736740000241014,10.12212114097232,9.79
148.217,5.492363878164881,9.650019640193896,7.736740000241014,10.12212114097232,9.79
148.251,5.7915876164677895,9.327959373108133,7.013160000485925,10.12212114097232,9.79
148.284,5.466822484196978,9.276281014207536,7.013160000485925,10.12212114097232,9.79
148.319,5.1229157551718405,9.411032581742083,7.013160000485925,10.12212114097232,9.79
148.349,4.774928361180647,9.394429820518353,7.013160000485925,10.12212114097232,9.79
148.381,4.403153021588905,9.434486648285368,7.013160000485925,10.12212114097232,9.79
148.418,4.0214469031939135,9.528234403324065,7.013160000485925,10.12212114097232,9.79
148.449,3.630055428615079,9.460515256313585,7.013160000485925,10.12212114097232,9.79
148.484,3.2289255707400226,9.603592333834815,7.013160000485925,10.12212114097232,9.79
148.515,4.424024262907112,9.399603463363135,6.189392000351006,10.140277413583647,9.8
148.549,4.021636614884131,9.461503885298695,6.189392000351006,10.140277413583647,9.8
148.586,3.625003208887795,9.536767525571717,6.189392000351006,10.140277413583647,9.8
148.615,3.2322448536455872,9.474086892024856,6.189392000351006,10.140277413583647,9.8
148.650,2.831031119848492,9.618785189893675,6.189392000351006,10.140277413583647,9.8
148.683,2.454263808535052,9.515021739288954,6.189392000351006,10.140277413583647,9.8
148.716,2.0701252464658775,9.622193718267258,6.189392000351006,10.140277413583647,9.8
148.748,3.5222571183528752,9.464520323406829,4.352612000242573,10.194746226257305,9.81
148.783,3.144874738090837,9.44761246211921,4.352612000242573,10.194746226257305,9.81
148.815,2.7668636390750483,9.570935590648109,4.352612000242573,10.194746226257305,9.81
148.848,2.413869363536369,9.451433025769134,4.352612000242573,10.194746226257305,9.81
148.883,2.056114579013748,9.615197354267778,4.352612000242573,10.194746226257305,9.81
148.914,1.72027771578068,9.505772684826386,4.352612000242573,10.194746226257305,9.81
148.950,1.3828720895134323,9.59113526707589,4.352612000242573,10.194746226257305,9.81
148.985,1.0613492573190297,9.595028542794982,4.352612000242573,10.194746226257305,9.81
149.015,2.324089278649012,9.386512386493129,3.4175240003887097,10.240136903915381,9.82
149.050,2.001313167543686,9.518297214900537,3.4175240003887097,10.240136903915381,9.82
149.082,1.7055609145658475,9.376015352650404,3.4175240003887097,10.240136903915381,9.82
149.116,1.413266015666207,9.549002486048785,3.4175240003887097,10.240136903915381,9.82
149.154,1.1747018853939089,9.41133098024416,3.4175240003887097,10.240136903915381,9.82
149.187,0.9492132245658083,9.518699982097374,3.4175240003887097,10.240136903915381,9.82
149.219,0.7708338169450486,9.488962785857925,3.4175240003887097,10.240136903915381,9.82
149.250,1.6221237483691326,9.556059674975849,3.4175240003887097,10.240136903915381,9.83
149.285,1.4865258523319818,9.663709354121941,2.560359999863522,10.267371311542291,9.83
149.316,1.3851192609260843,9.52220778953589,2.560359999863522,10.267371311542291,9.83
149.352,1.298196761650099,9.689533161596687,2.560359999863522,10.267371311542291,9.83
149.385,1.2516047655435725,9.536144172847731,2.560359999863522,10.267371311542291,9.83
149.417,1.2094148348115725,9.655767324747462,2.560359999863522,10.267371311542291,9.83
149.451,1.2001374060665944,9.600937753324787,2.560359999863522,10.267371311542291,9.83
149.483,1.1891865026519346,9.589703059594937,2.560359999863522,10.267371311542291,9.83
149.511,0.9397164733954422,9.64517743580206,1.814515999848254,10.285527581573456,9.83
149.550,0.9529477168304683,9.506157288460967,1.814515999848254,10.285527581573456,9.83
149.582,0.963719904640683,9.666090576228342,1.814515999848254,10.285527581573456,9.83
149.616,1.0035632244283508,9.544182230376371,1.814515999848254,10.285527581573456,9.83
149.646,1.0434943782659372,9.688281200784651,1.814515999848254,10.285527581573456,9.83
149.684,1.1006956096286529,9.712435022188908,1.814515999848254,10.285527581573456,9.83
149.717,1.1929279226650955,9.79163492286661,1.814515999848254,10.285527581573456,9.83
149.747,0.43505179102097147,9.50628183501392,1.814515999848254,10.285527581573456,9.83
149.779,0.579995549545441,9.523482301013452,0.7458440000152677,10.312761989200366,9.83
149.814,0.6861870599363566,9.811578375695301,0.7458440000152677,10.312761989200366,9.83
149.850,0.8547254202707459,9.858618882860668,0.7458440000152677,10.312761989200366,9.83
149.876,1.0156722365958348,10.11574428424733,0.7458440000152677,10.312761989200366,9.83
149.915,1.2024893060769233,10.273363800810186,0.7458440000152677,10.312761989200366,9.83
149.948,1.4152894370389526,10.427959694624596,0.7458440000152677,10.312761989200366,9.83
149.981,1.6057332066746606,10.697196880275952,0.7458440000152677,10.312761989200366,9.83
150.007,0.36083825688014604,9.487003357804788,0.4118840000674595,10.303683854184783,9.82
150.043,0.5241141086271319,9.798181628834303,0.4118840000674595,10.303683854184783,9.82
150.078,0.7657996898863167,9.904186916287536,0.4118840000674595,10.303683854184783,9.82
150.114,0.9559982983606169,10.134128409600464,0.4118840000674595,10.303683854184783,9.82
150.148,1.158503275016658,10.309358394688891,0.4118840000674595,10.303683854184783,9.82
150.179,1.3545719946035393,10.393324123812711,0.4118840000674595,10.303683854184783,9.82
150.212,1.447532218797702,10.606661666540395,0.4118840000674595,10.303683854184783,9.82
150.242,1.5763759046516994,10.560524894989761,0.4118840000674595,10.303683854184783,9.82
150.279,0.38828336508996353,9.325564112838832,0.1892439998385953,10.276449446557873,9.81
150.307,0.3597907646239067,9.270870631791457,0.1892439998385953,10.276449446557873,9.81
150.342,0.3163535023293315,9.253583464255506,0.1892439998385953,10.276449446557873,9.81
150.375,0.22195281684624762,9.237671490077615,0.1892439998385953,10.276449446557873,9.81
150.411,0.17538226023037445,9.047599166532759,0.1892439998385953,10.276449446557873,9.81
150.444,-0.006839919877310641,9.035278414577714,0.1892439998385953,10.276449446557873,9.81
150.477,-0.12385719829842662,8.810190717038134,0.1892439998385953,10.276449446557873,9.81
150.513,0.17993329739179625,9.039083479596194,0.011132000130089637,10.167511818630395,9.8
150.536,0.016065855509281468,8.843381247223256,0.011132000130089637,10.167511818630395,9.8
150.575,-0.09534045600601265,8.597782989382342,0.011132000130089637,10.167511818630395,9.8
150.609,-0.36465082328071036,8.41975706623911,0.011132000130089637,10.167511818630395,9.8
150.643,-0.4342663968394404,8.095940964878672,0.011132000130089637,10.167511818630395,9.8
150.678,-0.6713318737435674,7.95602936413012,0.011132000130089637,10.167511818630395,9.8
150.709,-0.7695702386018907,7.754348855299667,0.011132000130089637,10.167511818630395,9.8
150.743,-0.8432352901335692,7.612637108469789,0.011132000130089637,10.167511818630395,9.8
150.778,-0.3790799874982357,8.443486202477452,-0.2449039996980673,9.650058094360398,9.8
150.810,-0.2833851874213463,8.317807204879198,-0.2449039996980673,9.650058094360398,9.8
150.838,-0.361947608043181,8.309925536618316,-0.2449039996980673,9.650058094360398,9.8
150.872,-0.21535775445234867,8.248318059751446,-0.2449039996980673,9.650058094360398,9.8
150.906,-0.1466314894949428,8.278152657309398,-0.2449039996980673,9.650058094360398,9.8
150.943,-0.04817987184973088,8.3095656538088,-0.2449039996980673,9.650058094360398,9.8
150.972,0.17924015705148294,8.320608099108487,-0.2449039996980673,9.650058094360398,9.8
151.007,-0.39908011104086577,7.860467312022579,-0.2449039996980673,9.650058094360398,9.8
151.038,-0.10572484199178228,7.929414279582273,-0.2894319994274497,9.268776400484466,9.8
151.073,0.024129373545856925,8.04280175066435,-0.2894319994274497,9.268776400484466,9.8
151.105,0.2754472835322663,8.102776204055944,-0.2894319994274497,9.268776400484466,9.8
151.140,0.5343169547628259,8.15668986048383,-0.2894319994274497,9.268776400484466,9.8
151.168,0.6839287872676305,8.206525817546163,-0.2894319994274497,9.268776400484466,9.8
151.202,1.0179441566497385,8.193937526048892,-0.2894319994274497,9.268776400484466,9.8
151.239,1.1578365365710885,8.224210530389016,-0.2894319994274497,9.268776400484466,9.8
151.265,-0.25208914772305513,7.215274365874565,-0.2894319994274497,8.823947758919292,9.8
151.305,-0.08249394773601118,7.206902297762895,-0.2894319994274497,8.823947758919292,9.8
151.333,0.04120770177617342,7.185095050345279,-0.2894319994274497,8.823947758919292,9.8
151.369,0.2546907163170531,7.137574142535077,-0.2894319994274497,8.823947758919292,9.8
151.402,0.25273272586621087,7.077324724365246,-0.2894319994274497,8.823947758919292,9.8
151.436,0.41292834047102805,6.990214182569183,-0.2894319994274497,8.823947758919292,9.8
151.466,0.4113347199479081,6.893471781660781,-0.2894319994274497,8.823947758919292,9.8
151.503,0.44358132321866367,6.787339678275555,-0.2894319994274497,8.823947758919292,9.8
151.532,-0.10985373963972672,6.3091703874119265,-0.23377199956797767,8.324650302100299,9.79
151.567,-0.1875507644087861,6.174749541631622,-0.23377199956797767,8.324650302100299,9.79
151.603,-0.09021570948358709,6.043902765094019,-0.23377199956797767,8.324650302100299,9.79
151.638,-0.18064440140840116,5.896611121160833,-0.23377199956797767,8.324650302100299,9.79
151.669,-0.18481054295754612,5.748313222470358,-0.23377199956797767,8.324650302100299,9.79
151.706,-0.17769953648106002,5.5764575523442925,-0.23377199956797767,8.324650302100299,9.79
151.739,-0.292055582510027,5.374246990062086,-0.23377199956797767,8.324650302100299,9.79
151.775,-0.1967033065142344,5.404633767327139,-0.12245199984903365,7.026476917467109,9.79
151.801,-0.2917656522976776,5.14488119291442,-0.12245199984903365,7.026476917467109,9.79
151.839,-0.2850901034736083,4.864679030282468,-0.12245199984903365,7.026476917467109,9.79
151.874,-0.2825204599623261,4.5542106073482795,-0.12245199984903365,7.026476917467109,9.79
151.905,-0.39256292830431827,4.20783791632925,-0.12245199984903365,7.026476917467109,9.79
151.942,-0.3262768314121116,3.8552722650949773,-0.12245199984903365,7.026476917467109,9.79
151.972,-0.44880038412620404,3.4682640306171777,-0.12245199984903365,7.026476917467109,9.79
152.007,-0.4433323070841291,3.086314654596284,-0.12245199984903365,7.026476917467109,9.79
152.037,-0.14191675065005338,4.0730218130807145,-0.07792400011965128,6.2366791246684965,9.8
152.073,-0.23477307824772853,3.6667736114409624,-0.07792400011965128,6.2366791246684965,9.8
152.105,-0.14589585149296314,3.273362259528218,-0.07792400011965128,6.2366791246684965,9.8
152.140,-0.26755230633956895,2.8610720703088575,-0.07792400011965128,6.2366791246684965,9.8
152.164,-0.22226229940384612,2.4633021185821296,-0.07792400011965128,6.2366791246684965,9.8
152.206,-0.246487069741802,2.0697713072195274,-0.07792400011965128,6.2366791246684965,9.8
152.238,-0.33143426104855156,1.673499875966358,-0.07792400011965128,6.2366791246684965,9.8
152.274,-0.22541040998921713,3.157536705724106,-0.06679199998956165,5.347021841538149,9.8
152.304,-0.3776385516029943,2.7526004679813556,-0.06679199998956165,5.347021841538149,9.8
152.340,-0.28726440410924625,2.376371477962963,-0.06679199998956165,5.347021841538149,9.8
152.369,-0.364484518662888,1.9901227246275688,-0.06679199998956165,5.347021841538149,9.8
152.402,-0.3777200332267354,1.617771833653509,-0.06679199998956165,5.347021841538149,9.8
152.435,-0.325802307817885,1.2590149524768517,-0.06679199998956165,5.347021841538149,9.8
152.472,-0.45986692232402837,0.9022759627326533,-0.06679199998956165,5.347021841538149,9.8
152.506,-0.3283718452366531,0.5658482252338581,-0.06679199998956165,5.347021841538149,9.8
152.543,-0.2780860579288924,1.9202814767835001,-0.06679199998956165,4.4210520131851485,9.81
152.576,-0.1704021647871412,1.5880485011263215,-0.06679199998956165,4.4210520131851485,9.81
152.608,-0.23931017317792008,1.2503056710635063,-0.06679199998956165,4.4210520131851485,9.81
152.642,-0.2455942778718983,0.9330296404237245,-0.06679199998956165,4.4210520131851485,9.81
152.673,-0.1798543605418304,0.6220530914886728,-0.06679199998956165,4.4210520131851485,9.81
152.708,-0.30591283017250787,0.31521709641739726,-0.06679199998956165,4.4210520131851485,9.81
152.739,-0.15057806264939916,0.06008510158380176,-0.06679199998956165,4.4210520131851485,9.81
152.773,-0.2612835242283728,1.30358846764014,-0.06679199998956165,4.4210520131851485,9.82
152.804,-0.1270356727890517,1.0931738602548098,-0.06679199998956165,2.6689718519712025,9.82
152.841,-0.21548212979429004,0.9037060546132668,-0.06679199998956165,2.6689718519712025,9.82
152.874,-0.20661244422005687,0.7562728672729925,-0.06679199998956165,2.6689718519712025,9.82
152.905,-0.163214934962859,0.6323392799424618,-0.06679199998956165,2.6689718519712025,9.82
152.933,-0.2802068031419681,0.5275126630380959,-0.06679199998956165,2.6689718519712025,9.82
152.972,-0.14373261149785088,0.4660706893669687,-0.06679199998956165,2.6689718519712025,9.82
153.005,-0.3146535998762062,0.40320332846900586,-0.06679199998956165,2.6689718519712025,9.82
153.036,-0.2829864324434926,0.5281410446225393,-0.06679199998956165,1.9336428718462482,9.83
153.072,-0.3980673294519795,0.5028404883519838,-0.06679199998956165,1.9336428718462482,9.83
153.106,-0.3584276109545783,0.5034885817776363,-0.06679199998956165,1.9336428718462482,9.83
153.138,-0.338410063866891,0.511166774667205,-0.06679199998956165,1.9336428718462482,9.83
153.173,-0.43857185844365354,0.5219868281360466,-0.06679199998956165,1.9336428718462482,9.83
153.208,-0.3050714697094925,0.5484661188037793,-0.06679199998956165,1.9336428718462482,9.83
153.237,-0.46224556142973383,0.5594116715228356,-0.06679199998956165,1.9336428718462482,9.83
153.276,-0.22163085994653442,0.0008556351714436028,-0.06679199998956165,1.9336428718462482,9.83
153.306,-0.32020043123331554,0.01921086584158116,-0.06679199998956165,1.3526421973068476,9.83
153.334,-0.284375741582819,0.05095097978924967,-0.06679199998956165,1.3526421973068476,9.83
153.375,-0.25104227477706065,0.08055183907758423,-0.06679199998956165,1.3526421973068476,9.83
153.407,-0.35412597225537534,0.10879070678385927,-0.06679199998956165,1.3526421973068476,9.83
153.439,-0.20369077212783715,0.14746144518380572,-0.06679199998956165,1.3526421973068476,9.83
153.473,-0.3534933803668267,0.16499649353332352,-0.06679199998956165,1.3526421973068476,9.83
153.504,-0.22656108908050693,0.19853090020835812,-0.06679199998956165,1.3526421973068476,9.83
153.541,-0.2636799328207275,-0.3287435006170532,-0.06679199998956165,0.9078135531615128,9.82
153.575,-0.2645063644763794,-0.3070485376289381,-0.06679199998956165,0.9078135531615128,9.82
153.607,-0.18737720723153178,-0.2905255450073857,-0.06679199998956165,0.9078135531615128,9.82
153.639,-0.3106720468952255,-0.2821506394625609,-0.06679199998956165,0.9078135531615128,9.82
153.671,-0.15419598716030708,-0.24895359620465013,-0.06679199998956165,0.9078135531615128,9.82
153.702,-0.2949433480487013,-0.219936603934966,-0.06679199998956165,0.9078135531615128,9.82
153.738,-0.18939312608122044,-0.15261028629939705,-0.06679199998956165,0.9078135531615128,9.82
153.773,-0.2340498412390543,-0.07063649190519011,-0.06679199998956165,0.9078135531615128,9.82
153.805,-0.43390059842638723,-0.4825468033648,-0.06679199998956165,0.40851609892268076,9.76
153.842,-0.35490101421074255,-0.3463688177864411,-0.06679199998956165,0.40851609892268076,9.76
153.871,-0.48860031117432495,-0.20779485086372895,-0.06679199998956165,0.40851609892268076,9.76
153.901,-0.33820201054720483,-0.03837255127583716,-0.06679199998956165,0.40851609892268076,9.76
153.941,-0.4740471890134502,0.12623228104618056,-0.06679199998956165,0.40851609892268076,9.76
153.970,-0.3830380270163277,0.30825588568875734,-0.06679199998956165,0.40851609892268076,9.76
154.007,-0.42159142252617526,0.4734435387185892,-0.06679199998956165,0.40851609892268076,9.76
154.040,-0.3404728680136751,-0.4950001580876093,-0.06679199998956165,0.40851609892268076,9.65
154.071,-0.26006729354092145,-0.3218559484986229,-0.06679199998956165,0.29957847099520246,9.65
154.107,-0.38995915499188644,-0.16990238992909384,-0.06679199998956165,0.29957847099520246,9.65
154.141,-0.23766971600192283,-0.007736127067479781,-0.06679199998956165,0.29957847099520246,9.65
154.172,-0.36250314268030187,0.12448713496822555,-0.06679199998956165,0.29957847099520246,9.65
154.205,-0.27924321226233745,0.26366860204396253,-0.06679199998956165,0.29957847099520246,9.65
154.238,-0.3013844436134446,0.38766408930694024,-0.06679199998956165,0.29957847099520246,9.65
154.272,-0.3354730417404411,0.5014976324022065,-0.06679199998956165,0.29957847099520246,9.65
154.305,-0.25275425891884096,-0.40123323370566377,-0.06679199998956165,0.263265930932871,9.52
154.338,-0.38074072434264916,-0.31463951381046995,-0.06679199998956165,0.263265930932871,9.52
154.373,-0.23340115516435744,-0.2204533069505331,-0.06679199998956165,0.263265930932871,9.52
154.402,-0.3422198429948561,-0.15610464114031095,-0.06679199998956165,0.263265930932871,9.52
154.439,-0.26325448229937576,-0.08906838856154822,-0.06679199998956165,0.263265930932871,9.52
154.476,-0.2706040295927997,-0.04013605508636742,-0.06679199998956165,0.263265930932871,9.52
154.509,-0.3149306757286573,0.0014080315501451834,-0.06679199998956165,0.263265930932871,9.52
154.543,-0.33736176535595613,-0.42346535490092113,-0.06679199998956165,0.263265930932871,9.38
154.572,-0.4645279324153064,-0.3989585253416492,-0.05565999985947201,0.27234406594845384,9.38
154.605,-0.3102595829696064,-0.3654131292679388,-0.05565999985947201,0.27234406594845384,9.38
154.642,-0.41136661589488893,-0.347693829161654,-0.05565999985947201,0.27234406594845384,9.38
154.674,-0.33798713090781746,-0.3229038916044531,-0.05565999985947201,0.27234406594845384,9.38
154.708,-0.3261493822026333,-0.30939589920716576,-0.05565999985947201,0.27234406594845384,9.38
154.739,-0.3861845592538266,-0.3020585706887419,-0.05565999985947201,0.27234406594845384,9.38
154.773,-0.2711153474094285,-0.2912482440598749,-0.05565999985947201,0.27234406594845384,9.38
154.806,-0.3083308679557836,-0.4103722127134461,-0.033395999599292736,0.29957847099520246,9.25
154.839,-0.1721522816259144,-0.4053149499333426,-0.033395999599292736,0.29957847099520246,9.25
154.875,-0.25742963505357513,-0.419004658473756,-0.033395999599292736,0.29957847099520246,9.25
154.909,-0.21505861332003054,-0.4259097049673009,-0.033395999599292736,0.29957847099520246,9.25
154.942,-0.18762199570225516,-0.43964853930048947,-0.033395999599292736,0.29957847099520246,9.25
154.974,-0.2540955388874726,-0.45734033034852756,-0.033395999599292736,0.29957847099520246,9.25
155.004,-0.13533219261625207,-0.4706934068051039,-0.033395999599292736,0.29957847099520246,9.25
155.043,-0.3630822144234882,-0.4273386242032569,-0.033395999599292736,0.29957847099520246,9.25
155.074,-0.2116158171761855,-0.4460287568532585,-0.0222639994692031,0.29957847099520246,9.12
155.107,-0.2860043123630631,-0.47861169547187576,-0.0222639994692031,0.29957847099520246,9.12
155.135,-0.25929911951688633,-0.504079015449924,-0.0222639994692031,0.29957847099520246,9.12
155.175,-0.2151733831965006,-0.5283073340091652,-0.0222639994692031,0.29957847099520246,9.12
155.207,-0.3116701323266702,-0.556256770451121,-0.0222639994692031,0.29957847099520246,9.12
155.242,-0.18767582287547097,-0.5718462841810614,-0.0222639994692031,0.29957847099520246,9.12
155.274,-0.33082488353937706,-0.6060250899743742,-0.0222639994692031,0.29957847099520246,9.12
155.310,-0.27273600550602767,-0.48710128746652037,-0.011132000130089637,0.2814222009640367,9.0
155.342,-0.3433306103521396,-0.5188357027452992,-0.011132000130089637,0.2814222009640367,9.0
155.372,-0.335697072621948,-0.5487695771477046,-0.011132000130089637,0.2814222009640367,9.0
155.407,-0.2852180636649722,-0.5764477936687951,-0.011132000130089637,0.2814222009640367,9.0
155.441,-0.38567623921983324,-0.6115826786291232,-0.011132000130089637,0.2814222009640367,9.0
155.476,-0.2568350574543646,-0.6336865131716276,-0.011132000130089637,0.2814222009640367,9.0
155.508,-0.3842195351439091,-0.6720692239029689,-0.011132000130089637,0.2814222009640367,9.0
155.541,-0.28077825489971936,-0.696657102130354,-0.011132000130089637,0.2814222009640367,9.0
155.573,-0.18210189711331842,-0.5629400997849329,-0.011132000130089637,0.2541877933371268,8.87
155.604,-0.19473029905070166,-0.592570645054866,-0.011132000130089637,0.2541877933371268,8.87
155.641,-0.12239720709288499,-0.618695924013049,-0.011132000130089637,0.2541877933371268,8.87
155.674,-0.2311286442459362,-0.6553899322243177,-0.011132000130089637,0.2541877933371268,8.87
155.708,-0.10007892813631597,-0.6760007685778445,-0.011132000130089637,0.2541877933371268,8.87
155.737,-0.21972825962646098,-0.7136392055577694,-0.011132000130089637,0.2541877933371268,8.87
155.773,-0.12662696102173393,-0.7339139287486488,-0.011132000130089637,0.2541877933371268,8.87
155.807,-0.2067641936985472,-0.6175738097392882,-0.011132000130089637,0.2541877933371268,8.75
155.838,-0.24683622293019442,-0.6420950988043757,0.0,0.16340643802097551,8.75
155.876,-0.1676389682328273,-0.6629184785441979,0.0,0.16340643802097551,8.75
155.902,-0.28584561219785065,-0.694650673190379,0.0,0.16340643802097551,8.75
155.936,-0.1551816125658364,-0.7069454108465404,0.0,0.16340643802097551,8.75
155.973,-0.27395012120199513,-0.7326458481540137,0.0,0.16340643802097551,8.75
156.005,-0.20661490167655744,-0.7451929401851713,0.0,0.16340643802097551,8.75
156.040,-0.22193857038051606,-0.7640125167190874,0.0,0.16340643802097551,8.75
156.069,-0.28221079717096154,-0.6893759582236871,0.011132000130089637,0.10893762534731702,8.63
156.106,-0.19678357387871137,-0.7002259580551173,0.011132000130089637,0.10893762534731702,8.63
156.138,-0.31709785431000026,-0.7217419465946577,0.011132000130089637,0.10893762534731702,8.63
156.167,-0.1899605180142825,-0.7263580069957383,0.011132000130089637,0.10893762534731702,8.63
156.200,-0.29648128351606284,-0.7450613364231253,0.011132000130089637,0.10893762534731702,8.63
156.239,-0.2380497815637337,-0.7536450786797219,0.011132000130089637,0.10893762534731702,8.63
156.273,-0.23795072330112244,-0.7676408204475865,0.011132000130089637,0.10893762534731702,8.63
156.304,-0.15037425191209075,-0.7273914256733164,0.011132000130089637,0.10893762534731702,8.51
156.339,-0.04873986714930734,-0.7304989119206144,0.011132000130089637,0.06354694768924138,8.51
156.368,-0.17200324147932178,-0.745634060742246,0.011132000130089637,0.06354694768924138,8.51
156.404,-0.05657139343911122,-0.7449317377599189,0.011132000130089637,0.06354694768924138,8.51
156.435,-0.15658302298821014,-0.7567574158176145,0.011132000130089637,0.06354694768924138,8.51
156.466,-0.11374646408984534,-0.7595114762754789,0.011132000130089637,0.06354694768924138,8.51
156.502,-0.10443873290990346,-0.7644311841630691,0.011132000130089637,0.06354694768924138,8.51
156.537,-0.17909181718352452,-0.7738772961809057,0.011132000130089637,0.06354694768924138,8.51
156.572,-0.13962759467044206,-0.7692970489499804,0.011132000130089637,0.027234405046748598,8.38
156.602,-0.26348583337778286,-0.7781253451018316,0.011132000130089637,0.027234405046748598,8.38
156.632,-0.156934911796906,-0.7707229815517067,0.011132000130089637,0.027234405046748598,8.38
156.672,-0.2377215011871573,-0.7772015508379893,0.011132000130089637,0.027234405046748598,8.38
156.700,-0.22263667578554902,-0.7750879847927838,0.011132000130089637,0.027234405046748598,8.38
156.738,-0.18008704818111543,-0.7721878350411706,0.011132000130089637,0.027234405046748598,8.38
156.767,-0.26545792640175514,-0.7769579182799405,0.011132000130089637,0.027234405046748598,8.38
156.801,-0.14779162767493226,-0.7674266475250398,0.011132000130089637,0.027234405046748598,8.38
156.833,-0.22232770734806984,-0.7954202148399847,0.011132000130089637,-0.027234407626909908,8.26
156.869,-0.11717254819361722,-0.7877056556177997,0.011132000130089637,-0.027234407626909908,8.26
156.900,-0.18178503115090483,-0.7922067698833569,0.011132000130089637,-0.027234407626909908,8.26
156.936,-0.17816209857618578,-0.7914915582478695,0.011132000130089637,-0.027234407626909908,8.26
156.969,-0.12387943624094708,-0.7880635490122234,0.011132000130089637,-0.027234407626909908,8.26
157.000,-0.21374109247046577,-0.790574771420867,0.011132000130089637,-0.027234407626909908,8.26
157.033,-0.09703352467237955,-0.7801768792823792,0.011132000130089637,-0.027234407626909908,8.26
157.068,-0.10123931783003978,-0.8022323217074596,0.011132000130089637,-0.04539068023823695,8.13
157.098,-0.008751392399842212,-0.7928253182405859,0.011132000130089637,-0.04539068023823695,8.13
157.133,-0.05319495930982168,-0.7928227031446382,0.011132000130089637,-0.04539068023823695,8.13
157.165,-0.0667031502951553,-0.7890823061965964,0.011132000130089637,-0.04539068023823695,8.13
157.199,-0.0011714141707383219,-0.7812381831258068,0.011132000130089637,-0.04539068023823695,8.13
157.233,-0.10154035019265698,-0.783056104749765,0.011132000130089637,-0.04539068023823695,8.13
157.268,0.01679927661726585,-0.7699257796982562,0.011132000130089637,-0.04539068023823695,8.13
157.300,-0.0943684414268521,-0.7721076168159476,0.011132000130089637,-0.04539068023823695,8.13
157.337,-0.09507661069521048,-0.8075119966632506,0.011132000130089637,-0.054468815253819816,8.01
157.362,-0.11861178857743018,-0.8032927911871923,0.011132000130089637,-0.054468815253819816,8.01
157.395,-0.1473274729052351,-0.7982155793186518,0.011132000130089637,-0.054468815253819816,8.01
157.433,-0.06762012488681993,-0.788704877040673,0.011132000130089637,-0.054468815253819816,8.01
157.468,-0.17455293399929253,-0.7892885625631512,0.011132000130089637,-0.054468815253819816,8.01
157.493,-0.055034140538805204,-0.77561603977505,0.011132000130089637,-0.054468815253819816,8.01
157.529,-0.1584325694986636,-0.7765731304063928,0.011132000130089637,-0.054468815253819816,8.01
157.567,-0.011073651610568641,-0.8093035903058099,0.011132000130089637,-0.054468815253819816,7.88
157.597,-0.034894821225477296,-0.8055137772062759,0.011132000130089637,-0.06354695026940269,7.88
157.630,-0.07544929787710189,-0.7997560125535905,0.011132000130089637,-0.06354695026940269,7.88
157.664,0.004389486492826528,-0.7866708326714498,0.011132000130089637,-0.06354695026940269,7.88
157.694,-0.11068220319993963,-0.7863171253909086,0.011132000130089637,-0.06354695026940269,7.88
157.731,0.004812332396183366,-0.7722110610575798,0.011132000130089637,-0.06354695026940269,7.88
157.763,-0.09509951953373,-0.7716730146622564,0.011132000130089637,-0.06354695026940269,7.88
157.793,-0.04032284540460501,-0.7590380454728752,0.011132000130089637,-0.06354695026940269,7.88
157.830,0.01668169079548315,-0.7969209588285762,0.011132000130089637,-0.04539068023823695,7.76
157.865,-0.03381765386200658,-0.7895686331079518,0.011132000130089637,-0.04539068023823695,7.76
157.900,0.055379828782285034,-0.777755279894952,0.011132000130089637,-0.04539068023823695,7.76
157.935,-0.060534839401985174,-0.7781623231099671,0.011132000130089637,-0.04539068023823695,7.76
157.964,0.05239726766040381,-0.7649234764464351,0.011132000130089637,-0.04539068023823695,7.76
157.994,-0.03350767847207542,-0.7631717780882938,0.011132000130089637,-0.04539068023823695,7.76
158.032,0.008179483201485427,-0.7563764992968032,0.011132000130089637,-0.04539068023823695,7.76
158.065,-0.05279226383425484,-0.7935011076786379,0.011132000130089637,-0.04539068023823695,7.63
158.096,-0.11736561165810233,-0.7934625250306595,0.011132000130089637,-0.03631254264249277,7.63
158.127,-0.015844597866428778,-0.7845526475641946,0.011132000130089637,-0.03631254264249277,7.63
158.164,-0.12480044503983034,-0.7876159829810794,0.011132000130089637,-0.03631254264249277,7.63
158.199,-0.015322792691680576,-0.7787590941531544,0.011132000130089637,-0.03631254264249277,7.63
158.231,-0.09337996277151461,-0.7814638087671735,0.011132000130089637,-0.03631254264249277,7.63
158.264,-0.06557324920941343,-0.7790310518411475,0.011132000130089637,-0.03631254264249277,7.63
158.295,-0.04536941705572223,-0.7780684113787213,0.011132000130089637,-0.03631254264249277,7.63
158.332,-0.022803516323419315,-0.7824514601035457,0.011132000130089637,-0.027234407626909908,7.51
158.362,0.07665148979640002,-0.7783344697012529,0.011132000130089637,-0.027234407626909908,7.51
158.394,-0.04153200623838582,-0.7868231784091223,0.011132000130089637,-0.027234407626909908,7.51
158.428,0.054572173615494934,-0.7824026545527644,0.011132000130089637,-0.027234407626909908,7.51
158.462,-0.017044404199193286,-0.7852184785516033,0.011132000130089637,-0.027234407626909908,7.51
158.494,0.008192679148082194,-0.7808209917482822,0.011132000130089637,-0.027234407626909908,7.51
158.526,0.039434941187084405,-0.7754512874437263,0.011132000130089637,-0.027234407626909908,7.51
158.563,-0.041731705627332805,-0.7752647966209919,0.011132000130089637,-0.027234407626909908,7.51
158.592,0.1280141824515963,-0.7770815466451773,0.011132000130089637,-0.018156272611327042,7.38
158.628,0.016928561597230274,-0.7805302558707109,0.011132000130089637,-0.018156272611327042,7.38
158.664,0.10285490144728657,-0.7741130622472121,0.011132000130089637,-0.018156272611327042,7.38
158.697,0.043734839584572,-0.7776125667347928,0.011132000130089637,-0.018156272611327042,7.38
158.729,0.04549160812182082,-0.7768553669709701,0.011132000130089637,-0.018156272611327042,7.38
158.763,0.08613364956454414,-0.774021853135127,0.011132000130089637,-0.018156272611327042,7.38
158.792,-0.0019316886756981788,-0.7778758208561838,0.011132000130089637,-0.018156272611327042,7.38
158.831,0.043964217392662625,-0.7782087164036358,0.011132000130089637,0.0,7.26
158.860,-0.06333027850356235,-0.7844889314030195,0.011132000130089637,0.0,7.26
158.894,0.01451955412467873,-0.7813349368149187,0.011132000130089637,0.0,7.26
158.925,-0.034906407279282875,-0.7863116130368517,0.011132000130089637,0.0,7.26
158.961,-0.04293730622360384,-0.7882759433607245,0.011132000130089637,0.0,7.26
158.992,0.007138232843830611,-0.7885145743060813,0.011132000130089637,0.0,7.26
159.024,-0.09003404476522428,-0.7960988367559723,0.011132000130089637,0.0,7.26
159.054,0.015616463704013123,-0.7929571870860794,0.011132000130089637,0.0,7.26
159.090,0.01139479985550626,-0.7774765203310398,0.011132000130089637,0.009078135015582866,7.14
159.121,0.08129868876464251,-0.7757503027535704,0.011132000130089637,0.009078135015582866,7.14
159.158,0.04081856843166064,-0.7807132654463633,0.011132000130089637,0.009078135015582866,7.14
159.193,0.02209091745981738,-0.7844012755172086,0.011132000130089637,0.009078135015582866,7.14
159.224,0.08261154071594819,-0.7839377172810478,0.011132000130089637,0.009078135015582866,7.14
159.259,-0.019442462702853366,-0.7917278228061644,0.011132000130089637,0.009078135015582866,7.14
159.292,0.08425250803112301,-0.7891895236293646,0.011132000130089637,0.009078135015582866,7.14
159.331,0.020587013391216782,-0.7837667120345444,0.011132000130089637,0.009078135015582866,7.01
159.360,0.07809706804077472,-0.7825115003440701,0.011132000130089637,0.009078135015582866,7.01
159.394,0.057580642541108354,-0.7857066495359992,0.011132000130089637,0.009078135015582866,7.01
159.417,0.02741601984595872,-0.788782531543027,0.011132000130089637,0.009078135015582866,7.01
159.457,0.09372996636318966,-0.7865145604025342,0.011132000130089637,0.009078135015582866,7.01
159.496,-0.015327572215400917,-0.7924004685843716,0.011132000130089637,0.009078135015582866,7.01
159.526,0.08507720474286652,-0.7890150591255758,0.011132000130089637,0.009078135015582866,7.01
159.561,-0.007055021866621422,-0.7944151388173022,0.011132000130089637,0.009078135015582866,7.01
159.591,-0.0037759938971152346,-0.7842216404920376,0.011132000130089637,0.009078135015582866,6.89
159.624,-0.011179336614407162,-0.783712272902472,0.011132000130089637,0.009078135015582866,6.89
159.660,-0.049224663963769774,-0.7870918623978479,0.011132000130089637,0.009078135015582866,6.89
159.690,0.02523747924611376,-0.7845545192421262,0.011132000130089637,0.009078135015582866,6.89
159.727,-0.08160557455208793,-0.7926850465848991,0.011132000130089637,0.009078135015582866,6.89
159.758,0.014723741139417088,-0.7889217013848626,0.011132000130089637,0.009078135015582866,6.89
159.791,-0.07210960889477404,-0.7948795443949077,0.011132000130089637,0.009078135015582866,6.89
159.822,-0.03928000213030404,-0.794629812918041,0.011132000130089637,0.009078135015582866,6.89
159.856,0.0895524474464958,-0.7852646291346954,0.011132000130089637,0.009078135015582866,6.76
159.890,0.03726099960173622,-0.7890250732388191,0.011132000130089637,0.009078135015582866,6.76
159.929,0.11074289165409434,-0.7863776018389103,0.011132000130089637,0.009078135015582866,6.76
159.962,0.0058847347645324954,-0.7924844780072215,0.011132000130089637,0.009078135015582866,6.76
159.993,0.09132619045572332,-0.7889149421050237,0.011132000130089637,0.009078135015582866,6.76
160.024,0.024966074652672643,-0.7939418686104232,0.011132000130089637,0.009078135015582866,6.76
160.058,0.04493850969577695,-0.7935683607247159,0.011132000130089637,0.009078135015582866,6.76
160.089,0.058924364933295004,-0.7885994467911126,0.011132000130089637,0.009078135015582866,6.64
160.123,-0.0016889310459483609,-0.7907951425484493,0.011132000130089637,0.009078135015582866,6.64
160.158,0.08188689101581181,-0.7874814994279188,0.011132000130089637,0.009078135015582866,6.64
160.195,-0.023897494620247595,-0.7934598832799574,0.011132000130089637,0.009078135015582866,6.64
160.222,0.05660379170572341,-0.7909284788279269,0.011132000130089637,0.009078135015582866,6.64
160.259,-0.005525808201907151,-0.7943718247496065,0.011132000130089637,0.009078135015582866,6.64
160.294,0.0044597677603233354,-0.7943785475863249,0.011132000130089637,0.009078135015582866,6.64
160.329,0.031124110029449842,-0.7948668170633599,0.011132000130089637,0.009078135015582866,6.64
160.357,-0.05910827521861503,-0.7952964418252271,0.011132000130089637,0.009078135015582866,6.51
160.388,0.02675303345579093,-0.7918690294304079,0.011132000130089637,0.009078135015582866,6.51
160.420,-0.07742239300618893,-0.7976878907371503,0.011132000130089637,0.009078135015582866,6.51
160.461,-0.007690285575250436,-0.7946019711152739,0.011132000130089637,0.009078135015582866,6.51
160.491,-0.054357800360351,-0.7969222110345938,0.011132000130089637,0.009078135015582866,6.51
160.524,-0.06451562205110374,-0.7971134400192323,0.011132000130089637,0.009078135015582866,6.51
160.560,-0.029110550569699037,-0.7958877702794052,0.011132000130089637,0.009078135015582866,6.51
160.597,0.01963606847362996,-0.7921089662273992,0.011132000130089637,0.009078135015582866,6.39
160.621,0.10727562178075901,-0.7886920846546404,0.011132000130089637,0.009078135015582866,6.39
160.657,0.004840196250723086,-0.7944256515292222,0.011132000130089637,0.009078135015582866,6.39
160.691,0.060672387180310976,-0.7923598289703477,0.011132000130089637,0.009078135015582866,6.39
160.722,0.03504655765350583,-0.7945750228817887,0.011132000130089637,0.009078135015582866,6.39
160.758,0.007928221462545453,-0.7964472139732506,0.011132000130089637,0.009078135015582866,6.39
160.791,0.061419015562170526,-0.7943650981997953,0.011132000130089637,0.009078135015582866,6.39
160.827,-0.029190677503409895,-0.8011966170744241,0.011132000130089637,0.009078135015582866,6.39
160.856,0.02179049157956245,-0.7951503453336016,0.011132000130089637,0.0,6.26
160.895,-0.06473049374934328,-0.803247423526195,0.011132000130089637,0.0,6.26
160.926,-0.01604772667256856,-0.8040251705334048,0.011132000130089637,0.0,6.26
160.957,-0.0352239324989246,-0.8084695627693248,0.011132000130089637,0.0,6.26
160.992,-0.07061599770537982,-0.8107574161138615,0.011132000130089637,0.0,6.26
161.023,-0.012662362239864083,-0.8104904338474056,0.011132000130089637,0.0,6.26
161.060,-0.1080124327217358,-0.8165090325177903,0.011132000130089637,0.0,6.26
161.092,-0.005540920424888879,-0.7971590660926999,0.011132000130089637,0.0,6.14
161.125,-0.08992967890860884,-0.801699458464059,0.011132000130089637,0.0,6.14
161.154,-0.04930752070635242,-0.7999089066909387,0.011132000130089637,0.0,6.14
161.190,-0.053278635044812624,-0.8010428916023029,0.011132000130089637,0.0,6.14
161.219,-0.09373961431240857,-0.8034940036334369,0.011132000130089637,0.0,6.14
161.251,-0.024218040574241206,-0.7986687371248216,0.011132000130089637,0.0,6.14
161.288,-0.11396691166341505,-0.8023600896944262,0.011132000130089637,0.0,6.14
161.319,-0.03157507821300627,-0.7981319691139985,0.011132000130089637,0.0,6.14
161.354,-0.010979431187586222,-0.7963662544594243,0.022264000260179273,0.0,6.01
161.384,0.016655679140228266,-0.7942122833338485,0.022264000260179273,0.0,6.01
161.418,0.023011452733657248,-0.7941034173567243,0.022264000260179273,0.0,6.01
161.456,-0.030895069382507287,-0.7961795659437163,0.022264000260179273,0.0,6.01
161.494,0.04402463212172826,-0.79252284778988,0.022264000260179273,0.0,6.01
161.517,-0.053425046342736246,-0.7968156410852609,0.022264000260179273,0.0,6.01
161.557,0.02223802499053064,-0.7929169104196299,0.022264000260179273,0.0,6.01
161.592,-0.12115102511839514,-0.8052809319153972,0.022264000260179273,0.0,6.01
161.620,-0.0628736294429768,-0.7997001742238752,0.022264000260179273,0.0,5.89
161.653,-0.04844094978349188,-0.7997302506860262,0.022264000260179273,0.0,5.89
161.688,-0.11258895291323111,-0.8022211705960446,0.022264000260179273,0.0,5.89
161.719,-0.03923124557215506,-0.7987898151066439,0.022264000260179273,0.0,5.89
161.755,-0.13652711735133205,-0.8037055162303234,0.022264000260179273,0.0,5.89
161.787,-0.06349074952415001,-0.8004666350911089,0.022264000260179273,0.0,5.89
161.821,-0.11955883427640596,-0.8029470737202538,0.022264000260179273,0.0,5.89
161.856,-0.051892243418113215,-0.7970716190671787,0.022264000260179273,0.0,5.76
161.890,-0.02388590539318608,-0.7958736870555787,0.022264000260179273,0.0,5.76
161.916,-0.09643579906924615,-0.7990867098738846,0.022264000260179273,0.0,5.76
161.952,-0.02201557470402693,-0.7963877556087184,0.022264000260179273,0.0,5.76
161.983,-0.10887807058177257,-0.8006858823678489,0.022264000260179273,0.0,5.76
162.021,-0.04569235130685778,-0.7975192745249194,0.022264000260179273,0.0,5.76
162.050,-0.08244483334661024,-0.7996845559531194,0.022264000260179273,0.0,5.76
162.086,-0.09908516457963906,-0.8004230035872638,0.022264000260179273,0.0,5.76
162.123,0.04383223979793499,-0.7918655300046923,0.022264000260179273,0.0,5.63
162.148,-0.03638717484663717,-0.7959894664196634,0.022264000260179273,0.0,5.63
162.186,0.04401219176740029,-0.792023167648468,0.022264000260179273,0.0,5.63
162.218,-0.04714022472771767,-0.7963070299945224,0.022264000260179273,0.0,5.63
162.252,0.002542347668993916,-0.7939107620044397,0.022264000260179273,0.0,5.63
162.287,-0.022144467618791353,-0.7957959094745342,0.022264000260179273,0.0,5.63
162.319,-0.053917254903463385,-0.797607645671543,0.022264000260179273,0.0,5.63
162.351,-0.045494419290880106,-0.7948942009951383,0.022264000260179273,0.0,5.51
162.384,-0.13474493069063315,-0.7988608595682736,0.022264000260179273,0.0,5.51
162.418,-0.0627304796979859,-0.7954968958520607,0.022264000260179273,0.0,5.51
162.452,-0.14541049814639878,-0.7998836388244526,0.022264000260179273,0.0,5.51
162.483,-0.11083151455352497,-0.7978516435645796,0.022264000260179273,0.0,5.51
162.515,-0.11869669335317518,-0.7991987505684985,0.022264000260179273,0.0,5.51
162.546,-0.1674718547877398,-0.8017326421682353,0.022264000260179273,0.0,5.51
162.584,-0.11279615516965763,-0.7998280637036996,0.022264000260179273,0.0,5.51
162.618,-0.13018049285183148,-0.7967374520934518,0.022264000260179273,0.0,5.39
162.654,-0.061351640348267844,-0.7937254763921003,0.022264000260179273,0.0,5.39
162.681,-0.13141325946405308,-0.797331192626921,0.022264000260179273,0.0,5.39
162.719,-0.12167970066206918,-0.7968633001461373,0.022264000260179273,0.0,5.39
162.750,-0.11720958752044214,-0.7967949700301361,0.022264000260179273,0.0,5.39
162.779,-0.17010027782626486,-0.7993133975245713,0.022264000260179273,0.0,5.39
162.816,-0.11715757765853924,-0.7969699126720753,0.022264000260179273,0.0,5.39
162.847,-0.20672687792779249,-0.8014069455514418,0.022264000260179273,0.0,5.39
162.914,-0.26949324803490776,-0.8046871908396214,0.022264000260179273,0.0,5.26
162.950,-0.26949238125891045,-0.8047527911322695,0.022264000260179273,0.0,5.26
162.982,-0.2600568805245838,-0.80436871776224,0.022264000260179273,0.0,5.26
163.052,-0.19842477251854446,-0.8017883705354873,0.022264000260179273,0.0,5.26
163.084,-0.2828992100446942,-0.8063834324915189,0.022264000260179273,0.0,5.26
163.117,-0.27666398999384967,-0.8016976208562282,0.022264000260179273,0.0,5.14
163.146,-0.3339247167050906,-0.8050284530786613,0.022264000260179273,0.0,5.14
163.183,-0.34277531855632454,-0.8055943727826045,0.022264000260179273,0.0,5.14
163.211,-0.3251858462292843,-0.8053977768033367,0.022264000260179273,0.0,5.14
163.248,-0.3904476940400606,-0.809045234953073,0.022264000260179273,0.0,5.14
163.281,-0.3249375183900267,-0.806146134151394,0.022264000260179273,0.0,5.14
163.314,-0.40881285754958047,-0.8111889111237981,0.022264000260179273,0.0,5.14
163.347,-0.3545388268774225,-0.8091518822766564,0.022264000260179273,0.0,5.14
163.411,-0.3642846064645411,-0.8096603812242982,0.022264000260179273,0.0,5.01
163.447,-0.3322392066900543,-0.8083238730395038,0.022264000260179273,0.0,5.01
163.482,-0.4019835576572414,-0.811760850703036,0.022264000260179273,0.0,5.01
163.516,-0.3398542155966085,-0.8092508190932541,0.022264000260179273,0.0,5.01
163.545,-0.42190364423214094,-0.8134407804681699,0.022264000260179273,0.0,5.01
163.581,-0.37635246397737215,-0.8114859110621853,0.022264000260179273,0.0,5.01
163.615,-0.39544966508144547,-0.8082928041160811,0.011132000130089637,0.0,4.88
163.683,-0.36022434975881606,-0.8068485106577427,0.011132000130089637,0.0,4.88
163.713,-0.4231599749351809,-0.8101614942885629,0.011132000130089637,0.0,4.88
163.745,-0.3529590297911773,-0.8068247670182083,0.011132000130089637,0.0,4.88
163.846,-0.3664701838246135,-0.8082226784244486,0.011132000130089637,0.0,4.88
164.145,-0.31790216572822544,-0.8061520957623222,0.011132000130089637,0.0,4.64
164.176,-0.38540649305942626,-0.810131916116307,0.011132000130089637,0.0,4.64
164.216,-0.3270404882688393,-0.8079340220618159,0.011132000130089637,0.0,4.64
164.241,-0.3843102781207847,-0.811864219179904,0.011132000130089637,0.0,4.64
164.277,-0.3667690170564251,-0.811398301426522,0.011132000130089637,0.0,4.64
164.312,-0.37508490372911024,-0.8122647838162251,0.011132000130089637,0.0,4.64
164.378,-0.3437117143191001,-0.804249766701662,0.011132000130089637,0.0,4.51
164.409,-0.4089952465900949,-0.8083894684819116,0.011132000130089637,0.0,4.51
164.509,-0.39768437515841215,-0.8077998717722943,0.011132000130089637,0.0,4.51
164.672,-0.3462509012406222,-0.8056381705035014,0.011132000130089637,0.0,4.39
164.807,-0.41384140815751247,-0.8092620157414425,0.011132000130089637,0.0,4.39
